{"cameraMode":{"drawMode":0,"name":"Shaded","section":"Shading Mode"},"sceneLighting":false,"audioPlay":false,"sceneViewState":{"showFog":true,"showMaterialUpdate":false,"showSkybox":true,"showFlares":true,"showImageEffects":true,"showParticleSystems":true},"in2DMode":false,"pivot":{"x":-95.3911361694336,"y":-10.242341041564942,"z":-96.1355209350586},"rotation":{"x":0.06156587600708008,"y":-0.1257215440273285,"z":0.007817212492227555,"w":0.9901225566864014},"size":128.60476684570313,"orthographic":false}