{"cameraMode":{"drawMode":0,"name":"Shaded","section":"Shading Mode"},"sceneLighting":false,"audioPlay":false,"sceneViewState":{"showFog":true,"showMaterialUpdate":false,"showSkybox":true,"showFlares":true,"showImageEffects":true,"showParticleSystems":true},"in2DMode":false,"pivot":{"x":-1.9453747272491456,"y":-0.47793686389923098,"z":32.32804489135742},"rotation":{"x":0.1703909933567047,"y":0.06468876451253891,"z":-0.01121088769286871,"w":0.9831869602203369},"size":2.8578836917877199,"orthographic":false}