{"cameraMode":{"drawMode":0,"name":"Shaded","section":"Shading Mode"},"sceneLighting":false,"audioPlay":false,"sceneViewState":{"showFog":true,"showMaterialUpdate":false,"showSkybox":true,"showFlares":true,"showImageEffects":true,"showParticleSystems":true},"in2DMode":false,"pivot":{"x":20.281400680541993,"y":15.389232635498047,"z":14.714132308959961},"rotation":{"x":0.11849997192621231,"y":-0.6578792333602905,"z":0.1058981791138649,"w":0.7361645698547363},"size":5.42434024810791,"orthographic":false}