{"cameraMode":{"drawMode":0,"name":"Shaded","section":"Shading Mode"},"sceneLighting":false,"audioPlay":false,"sceneViewState":{"showFog":true,"showMaterialUpdate":false,"showSkybox":true,"showFlares":true,"showImageEffects":true,"showParticleSystems":true},"in2DMode":false,"pivot":{"x":-0.03499174118041992,"y":0.24494260549545289,"z":0.0},"rotation":{"x":0.13748842477798463,"y":0.03239050880074501,"z":-0.00449839374050498,"w":0.9899634718894959},"size":9.611162185668946,"orthographic":false}