{"cameraMode":{"drawMode":0,"name":"Shaded","section":"Shading Mode"},"sceneLighting":false,"audioPlay":false,"sceneViewState":{"showFog":true,"showMaterialUpdate":false,"showSkybox":true,"showFlares":true,"showImageEffects":true,"showParticleSystems":true},"in2DMode":false,"pivot":{"x":14.446455001831055,"y":17.941165924072267,"z":12.683050155639649},"rotation":{"x":0.11849997192621231,"y":-0.6578792333602905,"z":0.1058981791138649,"w":0.7361645698547363},"size":9.41135025024414,"orthographic":false}