{"cameraMode":{"drawMode":0,"name":"Shaded","section":"Shading Mode"},"sceneLighting":false,"audioPlay":false,"sceneViewState":{"showFog":true,"showMaterialUpdate":false,"showSkybox":true,"showFlares":true,"showImageEffects":true,"showParticleSystems":true},"in2DMode":false,"pivot":{"x":18.372493743896486,"y":16.137523651123048,"z":13.836457252502442},"rotation":{"x":0.11849997192621231,"y":-0.6578792333602905,"z":0.1058981791138649,"w":0.7361645698547363},"size":22.0,"orthographic":false}